00c348d48a47cb8556a6ebb1eda75247cc5c925b2caef9fa420521000b5732a8,0000000000000000000000000000000000000000000000000000000000000000,d14cbf71306d8225c734ebf9aaf6630f92cd331de6181390d83bf633e4d8a4d9,1,0,AAAAAAAAAAAAAAAAAAAAAAAAAAAAAAAAAAAAAAAAAAAAAAAAAAAAAAAAAAAAAAAAAAAAAAAAAAAAAAAAAAAAAAAAAAAAAAAAAAAAAAAAAAAAAAAAAAAAAAAAAAAAAAAAAAAAAAAAAAAAAAAAAAAAAAAAAADRTL9xMG2CJcc06/mq9mMPks0zHeYYE5DYO/Yz5Nik2QAAAAEN4Lazp2QAAAAAAAAAAAAAAAAAAAAAAAAAAAAAAAAAZAX14QAAAABkAAAAAAAAAAAAAAAAAAAAAAAAAAAAAAAAAAAAAAAAAAAAAAAAAAAAAAAAAAAAAAAAAAAAAAAAAAAAAAAAAAAAAAAAAAAAAAAAAAAAAAAAAAAAAAAAAAAAAAAAAAAAAAAAAAAAAAAAAAAAAAAAAAAAAAAAAAAAAAAAAAAAAAAAAAAAAAAA
6a6d86fd68b9fe32552e72984bae563ee1ca7fcf307ce921eb4619ef03ca4223,00c348d48a47cb8556a6ebb1eda75247cc5c925b2caef9fa420521000b5732a8,08e5862d1ae427364d05226c5c870635902fe92bf5603623dd038e1d7b4bd6d9,2,1530521404,AAAAAADDSNSKR8uFVqbrse2nUkfMXJJbLK75+kIFIQALVzKoWpAcqy5JD3rAVL/WcFahT51wvpAud497ZH4LEX8A8SkAAAAAWznnPAAAAAAAAAAA3z9hmASpL9tAVxktxD3XSOp3itxSvEmM6AUkwBS4ERkI5YYtGuQnNk0FImxchwY1kC/pK/VgNiPdA44de0vW2QAAAAIN4Lazp2QAAAAAAAAAAAAAAAAAAAAAAAAAAAAAAAAAZAX14QAAAABkAAAAAAAAAAAAAAAAAAAAAAAAAAAAAAAAAAAAAAAAAAAAAAAAAAAAAAAAAAAAAAAAAAAAAAAAAAAAAAAAAAAAAAAAAAAAAAAAAAAAAAAAAAAAAAAAAAAAAAAAAAAAAAAAAAAAAAAAAAAAAAAAAAAAAAAAAAAAAAAAAAAAAAAAAAAAAAAA
3c68c31c78f57eb50bcc11959543b51f692fd9a30e2c69a65a21ac1757c09686,6a6d86fd68b9fe32552e72984bae563ee1ca7fcf307ce921eb4619ef03ca4223,08e5862d1ae427364d05226c5c870635902fe92bf5603623dd038e1d7b4bd6d9,3,1530521439,AAAAAGpthv1ouf4yVS5ymEuuVj7hyn/PMHzpIetGGe8DykIjhRwGm3gsWX8Ws3/pvEQi3F2g7qH29yIw66eALAH3CAMAAAAAWznnXwAAAAAAAAAA3z9hmASpL9tAVxktxD3XSOp3itxSvEmM6AUkwBS4ERkI5YYtGuQnNk0FImxchwY1kC/pK/VgNiPdA44de0vW2QAAAAMN4Lazp2QAAAAAAAAAAAAAAAAAAAAAAAAAAAAAAAAAZAX14QAAAABkAAAAAAAAAAAAAAAAAAAAAAAAAAAAAAAAAAAAAAAAAAAAAAAAAAAAAAAAAAAAAAAAAAAAAAAAAAAAAAAAAAAAAAAAAAAAAAAAAAAAAAAAAAAAAAAAAAAAAAAAAAAAAAAAAAAAAAAAAAAAAAAAAAAAAAAAAAAAAAAAAAAAAAAAAAAAAAAA
0dc74b423a288bf5e834cb1d92ae099c89b6ff29b9ac6eb131202c81e1380323,3c68c31c78f57eb50bcc11959543b51f692fd9a30e2c69a65a21ac1757c09686,0ca41752435fc57788fdb6d1b9a0036eee03d3e6ab064b99c654959e77dbcda6,4,1530521460,AAAAADxowxx49X61C8wRlZVDtR9pL9mjDixpplohrBdXwJaGQmmuoB3g63OaMjpvryE6JP14RY31G1mue0KqM3UjNJQAAAAAWznndAAAAAAAAAAA3z9hmASpL9tAVxktxD3XSOp3itxSvEmM6AUkwBS4ERkMpBdSQ1/Fd4j9ttG5oANu7gPT5qsGS5nGVJWed9vNpgAAAAQN4Lazp2QAAAAAAAAAAAAAAAAAAAAAAAAAAAAAAAAAZAX14QAAAABkAAAAAAAAAAAAAAAAAAAAAAAAAAAAAAAAAAAAAAAAAAAAAAAAAAAAAAAAAAAAAAAAAAAAAAAAAAAAAAAAAAAAAAAAAAAAAAAAAAAAAAAAAAAAAAAAAAAAAAAAAAAAAAAAAAAAAAAAAAAAAAAAAAAAAAAAAAAAAAAAAAAAAAAAAAAAAAAA
2f33a064741b86b2ef2667db3a00d57fe8d07ab69e329cce07286300a651f906,0dc74b423a288bf5e834cb1d92ae099c89b6ff29b9ac6eb131202c81e1380323,0ca41752435fc57788fdb6d1b9a0036eee03d3e6ab064b99c654959e77dbcda6,5,1530521473,AAAAAA3HS0I6KIv16DTLHZKuCZyJtv8puaxusTEgLIHhOAMjGuNu7O6JsarLAAX3FN4vDKwye3MpZD38FbQlG0NHwnwAAAAAWznngQAAAAAAAAAA3z9hmASpL9tAVxktxD3XSOp3itxSvEmM6AUkwBS4ERkMpBdSQ1/Fd4j9ttG5oANu7gPT5qsGS5nGVJWed9vNpgAAAAUN4Lazp2QAAAAAAAAAAAAAAAAAAAAAAAAAAAAAAAAAZAX14QAAAABkAAAAAAAAAAAAAAAAAAAAAAAAAAAAAAAAAAAAAAAAAAAAAAAAAAAAAAAAAAAAAAAAAAAAAAAAAAAAAAAAAAAAAAAAAAAAAAAAAAAAAAAAAAAAAAAAAAAAAAAAAAAAAAAAAAAAAAAAAAAAAAAAAAAAAAAAAAAAAAAAAAAAAAAAAAAAAAAA
3bcfe8ad1e204b86af5b64c84591ec96b3a01342dea3d6d3737fb4f2e04d5b3a,2f33a064741b86b2ef2667db3a00d57fe8d07ab69e329cce07286300a651f906,0ca41752435fc57788fdb6d1b9a0036eee03d3e6ab064b99c654959e77dbcda6,6,1530521492,AAAAAC8zoGR0G4ay7yZn2zoA1X/o0Hq2njKczgcoYwCmUfkGCyJICImeDQd1mcjAz8W+NyO4LlylVL+DSVjo2Lo6GxEAAAAAWznnlAAAAAAAAAAA3z9hmASpL9tAVxktxD3XSOp3itxSvEmM6AUkwBS4ERkMpBdSQ1/Fd4j9ttG5oANu7gPT5qsGS5nGVJWed9vNpgAAAAYN4Lazp2QAAAAAAAAAAAAAAAAAAAAAAAAAAAAAAAAAZAX14QAAAABkAAAAAAAAAAAAAAAAAAAAAAAAAAAAAAAAAAAAAAAAAAAAAAAAAAAAAAAAAAAAAAAAAAAAAAAAAAAAAAAAAAAAAAAAAAAAAAAAAAAAAAAAAAAAAAAAAAAAAAAAAAAAAAAAAAAAAAAAAAAAAAAAAAAAAAAAAAAAAAAAAAAAAAAAAAAAAAAA
c1e885d1e2892711e170eabd95de628f557796a092ec341cfe635af12eddc3dd,3bcfe8ad1e204b86af5b64c84591ec96b3a01342dea3d6d3737fb4f2e04d5b3a,0ca41752435fc57788fdb6d1b9a0036eee03d3e6ab064b99c654959e77dbcda6,7,1530521510,AAAAADvP6K0eIEuGr1tkyEWR7JazoBNC3qPW03N/tPLgTVs68qhlrKdHxEx0IrrOEqzDWGknOzqUbEGA4ZZVoySxTl8AAAAAWznnpgAAAAAAAAAA3z9hmASpL9tAVxktxD3XSOp3itxSvEmM6AUkwBS4ERkMpBdSQ1/Fd4j9ttG5oANu7gPT5qsGS5nGVJWed9vNpgAAAAcN4Lazp2QAAAAAAAAAAAAAAAAAAAAAAAAAAAAAAAAAZAX14QAAAABkAAAAAAAAAAAAAAAAAAAAAAAAAAAAAAAAAAAAAAAAAAAAAAAAAAAAAAAAAAAAAAAAAAAAAAAAAAAAAAAAAAAAAAAAAAAAAAAAAAAAAAAAAAAAAAAAAAAAAAAAAAAAAAAAAAAAAAAAAAAAAAAAAAAAAAAAAAAAAAAAAAAAAAAAAAAAAAAA
12d37fb2daaa587639880b4395d79eb63ab09939f6385aff0bfeb15b4e027c9f,c1e885d1e2892711e170eabd95de628f557796a092ec341cfe635af12eddc3dd,2e9b0ab3eb1b126c19220d3d801a81423d6d653729b289e6783941d7c1d52748,8,1530521536,AAAAAMHohdHiiScR4XDqvZXeYo9Vd5agkuw0HP5jWvEu3cPdqAGB7pv+OKw3oy7k72c1z2VLE3ujrbdnOTNzeqkFudEAAAAAWznnwAAAAAAAAAAA3z9hmASpL9tAVxktxD3XSOp3itxSvEmM6AUkwBS4ERkumwqz6xsSbBkiDT2AGoFCPW1lNymyieZ4OUHXwdUnSAAAAAgN4Lazp2QAAAAAAAAAAAAAAAAAAAAAAAAAAAAAAAAAZAX14QAAAABkAAAAAAAAAAAAAAAAAAAAAAAAAAAAAAAAAAAAAAAAAAAAAAAAAAAAAAAAAAAAAAAAAAAAAAAAAAAAAAAAAAAAAAAAAAAAAAAAAAAAAAAAAAAAAAAAAAAAAAAAAAAAAAAAAAAAAAAAAAAAAAAAAAAAAAAAAAAAAAAAAAAAAAAAAAAAAAAA
2f3e3261efe2b92b205c4f6181c29ef5100268f1ca9235ee5b2c67bdcfb4b6d1,12d37fb2daaa587639880b4395d79eb63ab09939f6385aff0bfeb15b4e027c9f,2e9b0ab3eb1b126c19220d3d801a81423d6d653729b289e6783941d7c1d52748,9,1530521552,AAAAABLTf7Laqlh2OYgLQ5XXnrY6sJk59jha/wv+sVtOAnyfo6D9tLxuPvRLaGhZFA1GlweChOXA2M0dqc2f3TupzV8AAAAAWznn0AAAAAAAAAAA3z9hmASpL9tAVxktxD3XSOp3itxSvEmM6AUkwBS4ERkumwqz6xsSbBkiDT2AGoFCPW1lNymyieZ4OUHXwdUnSAAAAAkN4Lazp2QAAAAAAAAAAAAAAAAAAAAAAAAAAAAAAAAAZAX14QAAAABkAAAAAAAAAAAAAAAAAAAAAAAAAAAAAAAAAAAAAAAAAAAAAAAAAAAAAAAAAAAAAAAAAAAAAAAAAAAAAAAAAAAAAAAAAAAAAAAAAAAAAAAAAAAAAAAAAAAAAAAAAAAAAAAAAAAAAAAAAAAAAAAAAAAAAAAAAAAAAAAAAAAAAAAAAAAAAAAA
ee75a99dc345cf315b83091b16fc8907e284a57e55f484ef68477910b3c7be32,2f3e3261efe2b92b205c4f6181c29ef5100268f1ca9235ee5b2c67bdcfb4b6d1,43b41c8b720a750295bb0372697cb7ea3571441a1a921110afa72ab7d5ab56c0,10,1530521571,AAAAAC8+MmHv4rkrIFxPYYHCnvUQAmjxypI17lssZ73PtLbRDRq8mB8XByxXijbt59xSQS+gMOLdwmUJmUvhiOPVJPYAAAAAWznn4wAAAAAAAAAAomFOxRl00JMLfFr2MVutlHILqVEKsVjNZ2DXH3nIdrlDtByLcgp1ApW7A3JpfLfqNXFEGhqSERCvpyq31atWwAAAAAoN4Lazp2QAAAAAAAAAAABkAAAAAAAAAAAAAAAAAAAAZAX14QAAAABkAAAAAAAAAAAAAAAAAAAAAAAAAAAAAAAAAAAAAAAAAAAAAAAAAAAAAAAAAAAAAAAAAAAAAAAAAAAAAAAAAAAAAAAAAAAAAAAAAAAAAAAAAAAAAAAAAAAAAAAAAAAAAAAAAAAAAAAAAAAAAAAAAAAAAAAAAAAAAAAAAAAAAAAAAAAAAAAA
7503e354990fd5ace6333f61590862ad7b42ed725ac4fdfcc6e9016c86943755,ee75a99dc345cf315b83091b16fc8907e284a57e55f484ef68477910b3c7be32,43b41c8b720a750295bb0372697cb7ea3571441a1a921110afa72ab7d5ab56c0,11,1530521585,AAAAAO51qZ3DRc8xW4MJGxb8iQfihKV+VfSE72hHeRCzx74y65XT94jnyP+PYwlA4mhMLzsUett7307OXSZNCP+KBK8AAAAAWznn8QAAAAAAAAAA3z9hmASpL9tAVxktxD3XSOp3itxSvEmM6AUkwBS4ERlDtByLcgp1ApW7A3JpfLfqNXFEGhqSERCvpyq31atWwAAAAAsN4Lazp2QAAAAAAAAAAABkAAAAAAAAAAAAAAAAAAAAZAX14QAAAABkAAAAAAAAAAAAAAAAAAAAAAAAAAAAAAAAAAAAAAAAAAAAAAAAAAAAAAAAAAAAAAAAAAAAAAAAAAAAAAAAAAAAAAAAAAAAAAAAAAAAAAAAAAAAAAAAAAAAAAAAAAAAAAAAAAAAAAAAAAAAAAAAAAAAAAAAAAAAAAAAAAAAAAAAAAAAAAAA
8b60fc19c64000f7e57bc844c37e08440bad38931f55b61de115391a0cbf8586,7503e354990fd5ace6333f61590862ad7b42ed725ac4fdfcc6e9016c86943755,0ae08f256697b7b2bd9c374d73771025a378f2858b5ca70c5c73549dc97392a8,12,1530521615,AAAAAHUD41SZD9Ws5jM/YVkIYq17Qu1yWsT9/MbpAWyGlDdVogMB3D+88OnYmT0f9KgOR8rgUwOS+OVzlgtPWhoQya0AAAAAWznoDwAAAAAAAAAA3z9hmASpL9tAVxktxD3XSOp3itxSvEmM6AUkwBS4ERkK4I8lZpe3sr2cN01zdxAlo3jyhYtcpwxcc1SdyXOSqAAAAAwN4Lazp2QAAAAAAAAAAABkAAAAAAAAAAAAAAAAAAAAZAX14QAAAABkAAAAAAAAAAAAAAAAAAAAAAAAAAAAAAAAAAAAAAAAAAAAAAAAAAAAAAAAAAAAAAAAAAAAAAAAAAAAAAAAAAAAAAAAAAAAAAAAAAAAAAAAAAAAAAAAAAAAAAAAAAAAAAAAAAAAAAAAAAAAAAAAAAAAAAAAAAAAAAAAAAAAAAAAAAAAAAAA
96b4581d8e0bff89396de46dac42f9e5ff29e27a3997ae2bb3a53e5b417a47de,8b60fc19c64000f7e57bc844c37e08440bad38931f55b61de115391a0cbf8586,f90b6870eb2c3e344f8aea0259fb0ada612afd6bcfa06309802631de24bf637e,13,1530521644,AAAAAItg/BnGQAD35XvIRMN+CEQLrTiTH1W2HeEVORoMv4WGG4M929CGKCWw2pnVZs7GymFOboU0cwRgIgyomPSsyC0AAAAAWznoLAAAAAAAAAAAp3o2RubNEWkVkICAW99XRzL71oZCiXqIFwzEno2WpD35C2hw6yw+NE+K6gJZ+wraYSr9a8+gYwmAJjHeJL9jfgAAAA0N4Lazp2QAAAAAAAAAAADIAAAAAAAAAAAAAAAAAAAAZAX14QAAAABkAAAAAAAAAAAAAAAAAAAAAAAAAAAAAAAAAAAAAAAAAAAAAAAAAAAAAAAAAAAAAAAAAAAAAAAAAAAAAAAAAAAAAAAAAAAAAAAAAAAAAAAAAAAAAAAAAAAAAAAAAAAAAAAAAAAAAAAAAAAAAAAAAAAAAAAAAAAAAAAAAAAAAAAAAAAAAAAA
9c9cdd22be64ef12aff42eb06edda004fb2a06149644ea476f6a095d23a391a6,96b4581d8e0bff89396de46dac42f9e5ff29e27a3997ae2bb3a53e5b417a47de,770261048e1147263b0277e873e5789bdf885aeb0f88fba140d9b043c4a416f2,14,1530521660,AAAAAJa0WB2OC/+JOW3kbaxC+eX/KeJ6OZeuK7OlPltBekfeDg/kTkrUDBBNfUR2wUNIQ8nKBJTFwPth4rvtTbRFYJkAAAAAWznoPAAAAAAAAAAA3z9hmASpL9tAVxktxD3XSOp3itxSvEmM6AUkwBS4ERl3AmEEjhFHJjsCd+hz5Xib34ha6w+I+6FA2bBDxKQW8gAAAA4N4Lazp2QAAAAAAAAAAADIAAAAAAAAAAAAAAAAAAAAZAX14QAAAABkAAAAAAAAAAAAAAAAAAAAAAAAAAAAAAAAAAAAAAAAAAAAAAAAAAAAAAAAAAAAAAAAAAAAAAAAAAAAAAAAAAAAAAAAAAAAAAAAAAAAAAAAAAAAAAAAAAAAAAAAAAAAAAAAAAAAAAAAAAAAAAAAAAAAAAAAAAAAAAAAAAAAAAAAAAAAAAAA
cbaad981c01ca57d85b3e52f8bbc46ad6475a042e2cc679490defe56c2e10642,9c9cdd22be64ef12aff42eb06edda004fb2a06149644ea476f6a095d23a391a6,31b7b08c7ccafeb6bd0a3cf8749b8879da0060310bd68d879bc67e61d3b63302,15,1530521688,AAAAAJyc3SK+ZO8Sr/QusG7doAT7KgYUlkTqR29qCV0jo5GmkGMCmp2gjGNI02mteB51woy9ndwCuVKRxkRyHXTBtJwAAAAAWznoWAAAAAAAAAAAreXX1Q1Oin8eihy4ofD62mQ4dXZhEtmh23LOcNRIl1Axt7CMfMr+tr0KPPh0m4h52gBgMQvWjYebxn5h07YzAgAAAA8N4Lazp2QAAAAAAAAAAAEsAAAAAAAAAAAAAAAAAAAAZAX14QAAAABkAAAAAAAAAAAAAAAAAAAAAAAAAAAAAAAAAAAAAAAAAAAAAAAAAAAAAAAAAAAAAAAAAAAAAAAAAAAAAAAAAAAAAAAAAAAAAAAAAAAAAAAAAAAAAAAAAAAAAAAAAAAAAAAAAAAAAAAAAAAAAAAAAAAAAAAAAAAAAAAAAAAAAAAAAAAAAAAA
477e47d2ffe306895d3567d1cf41d4c8cc6582fe07ae4a8acd53860f366dfdb9,cbaad981c01ca57d85b3e52f8bbc46ad6475a042e2cc679490defe56c2e10642,e33bbf095c4c43abf06b7dbed482863e05868648486d64d8f9d56daf7bd888d6,16,1530521707,AAAAAMuq2YHAHKV9hbPlL4u8Rq1kdaBC4sxnlJDe/lbC4QZCB/JEQ+LXfO632YtMy94hZnfOS2YzAy/f8oS2O8BiQFwAAAAAWznoawAAAAAAAAAA3z9hmASpL9tAVxktxD3XSOp3itxSvEmM6AUkwBS4ERnjO78JXExDq/Brfb7UgoY+BYaGSEhtZNj51W2ve9iI1gAAABAN4Lazp2QAAAAAAAAAAAEsAAAAAAAAAAAAAAAAAAAAZAX14QAAAABkAAAAAAAAAAAAAAAAAAAAAAAAAAAAAAAAAAAAAAAAAAAAAAAAAAAAAAAAAAAAAAAAAAAAAAAAAAAAAAAAAAAAAAAAAAAAAAAAAAAAAAAAAAAAAAAAAAAAAAAAAAAAAAAAAAAAAAAAAAAAAAAAAAAAAAAAAAAAAAAAAAAAAAAAAAAAAAAA
a052629f8bc8bc4439ea3d63c38c2ef49722f939561f66c001f4f5122e581acc,477e47d2ffe306895d3567d1cf41d4c8cc6582fe07ae4a8acd53860f366dfdb9,e33bbf095c4c43abf06b7dbed482863e05868648486d64d8f9d56daf7bd888d6,17,1530521728,AAAAAEd+R9L/4waJXTVn0c9B1MjMZYL+B65Kis1Thg82bf25X34UCiF6DhCj3I+dYNkpeQo019HxidqS2L3yCVm2m+QAAAAAWznogAAAAAAAAAAA3z9hmASpL9tAVxktxD3XSOp3itxSvEmM6AUkwBS4ERnjO78JXExDq/Brfb7UgoY+BYaGSEhtZNj51W2ve9iI1gAAABEN4Lazp2QAAAAAAAAAAAEsAAAAAAAAAAAAAAAAAAAAZAX14QAAAABkAAAAAAAAAAAAAAAAAAAAAAAAAAAAAAAAAAAAAAAAAAAAAAAAAAAAAAAAAAAAAAAAAAAAAAAAAAAAAAAAAAAAAAAAAAAAAAAAAAAAAAAAAAAAAAAAAAAAAAAAAAAAAAAAAAAAAAAAAAAAAAAAAAAAAAAAAAAAAAAAAAAAAAAAAAAAAAAA
4fc271f0ecc2577cc251c701bc3efc8c7983de97682e9e060cfffff3bbd398eb,a052629f8bc8bc4439ea3d63c38c2ef49722f939561f66c001f4f5122e581acc,67849238608bf240950dd7c547a3ffd92816332570fe4181293ad8c50a096854,18,1530521749,AAAAAKBSYp+LyLxEOeo9Y8OMLvSXIvk5Vh9mwAH09RIuWBrMYUQrDX7hPDLsmm2LmRpZVZCg5+WKSE/qFoqXw99TKXEAAAAAWznolQAAAAAAAAAAzoSXCyaj3wIfDROt/IQ7VNmGBUmMu4Osh2O5yDKJbyZnhJI4YIvyQJUN18VHo//ZKBYzJXD+QYEpOtjFCgloVAAAABIN4Lazp2QAAAAAAAAAAAGQAAAAAAAAAAAAAAAAAAAAZAX14QAAAABkAAAAAAAAAAAAAAAAAAAAAAAAAAAAAAAAAAAAAAAAAAAAAAAAAAAAAAAAAAAAAAAAAAAAAAAAAAAAAAAAAAAAAAAAAAAAAAAAAAAAAAAAAAAAAAAAAAAAAAAAAAAAAAAAAAAAAAAAAAAAAAAAAAAAAAAAAAAAAAAAAAAAAAAAAAAAAAAA
62dba1a42eb53431858aa41a427e124f0b84f713c92de3a673084f69fd65898c,4fc271f0ecc2577cc251c701bc3efc8c7983de97682e9e060cfffff3bbd398eb,67849238608bf240950dd7c547a3ffd92816332570fe4181293ad8c50a096854,19,1530521768,AAAAAE/CcfDswld8wlHHAbw+/Ix5g96XaC6eBgz///O705jro6P6sMSdmZLtTRKpjgACid0vQFHcjHrfQOR7mzKNRcQAAAAAWznoqAAAAAAAAAAA3z9hmASpL9tAVxktxD3XSOp3itxSvEmM6AUkwBS4ERlnhJI4YIvyQJUN18VHo//ZKBYzJXD+QYEpOtjFCgloVAAAABMN4Lazp2QAAAAAAAAAAAGQAAAAAAAAAAAAAAAAAAAAZAX14QAAAABkAAAAAAAAAAAAAAAAAAAAAAAAAAAAAAAAAAAAAAAAAAAAAAAAAAAAAAAAAAAAAAAAAAAAAAAAAAAAAAAAAAAAAAAAAAAAAAAAAAAAAAAAAAAAAAAAAAAAAAAAAAAAAAAAAAAAAAAAAAAAAAAAAAAAAAAAAAAAAAAAAAAAAAAAAAAAAAAA
932cfb69c28824aa3bb3e922fb81c345783a6ed43ec45f1981aec7d45b01807c,62dba1a42eb53431858aa41a427e124f0b84f713c92de3a673084f69fd65898c,d9ca7b6ebf5ab8299f8f31af27016422155d2aff8ef900555bd483b7df3e677a,20,1530521802,AAAAAGLboaQutTQxhYqkGkJ+Ek8LhPcTyS3jpnMIT2n9ZYmMfw7SKq5ng6VlbOF1DJsbHpFkbyGdR8Z/Sn3aDY1M2zYAAAAAWznoygAAAAAAAAAA3z9hmASpL9tAVxktxD3XSOp3itxSvEmM6AUkwBS4ERnZyntuv1q4KZ+PMa8nAWQiFV0q/475AFVb1IO33z5negAAABQN4Lazp2QAAAAAAAAAAAGQAAAAAAAAAAAAAAAAAAAAZAX14QAAAABkAAAAAAAAAAAAAAAAAAAAAAAAAAAAAAAAAAAAAAAAAAAAAAAAAAAAAAAAAAAAAAAAAAAAAAAAAAAAAAAAAAAAAAAAAAAAAAAAAAAAAAAAAAAAAAAAAAAAAAAAAAAAAAAAAAAAAAAAAAAAAAAAAAAAAAAAAAAAAAAAAAAAAAAAAAAAAAAA
6fc5a8561127cbbd58483b7f49ff6ed6ecfcf07f955d283b22d8e5bf897d7243,932cfb69c28824aa3bb3e922fb81c345783a6ed43ec45f1981aec7d45b01807c,d9ca7b6ebf5ab8299f8f31af27016422155d2aff8ef900555bd483b7df3e677a,21,1530521824,AAAAAJMs+2nCiCSqO7PpIvuBw0V4Om7UPsRfGYGux9RbAYB8u63/8ylI6a3a/dhEP2cA2biYgb+fic12kRzzQmZMQNAAAAAAWzno4AAAAAAAAAAA3z9hmASpL9tAVxktxD3XSOp3itxSvEmM6AUkwBS4ERnZyntuv1q4KZ+PMa8nAWQiFV0q/475AFVb1IO33z5negAAABUN4Lazp2QAAAAAAAAAAAGQAAAAAAAAAAAAAAAAAAAAZAX14QAAAABkAAAAAAAAAAAAAAAAAAAAAAAAAAAAAAAAAAAAAAAAAAAAAAAAAAAAAAAAAAAAAAAAAAAAAAAAAAAAAAAAAAAAAAAAAAAAAAAAAAAAAAAAAAAAAAAAAAAAAAAAAAAAAAAAAAAAAAAAAAAAAAAAAAAAAAAAAAAAAAAAAAAAAAAAAAAAAAAA
d43dd9109866347ac843d3eadd9bd810a50af4ee5ed4cf03d590083ea5ce37bc,6fc5a8561127cbbd58483b7f49ff6ed6ecfcf07f955d283b22d8e5bf897d7243,f03ae13cc44eea310426b2bfcb0d7aa166b3c0df7687e446f26917d7054ced4f,22,1530521832,AAAAAG/FqFYRJ8u9WEg7f0n/btbs/PB/lV0oOyLY5b+JfXJDL9vp2cUCXfBjJSl1nareESi7hgJMOzLiqmIf3pbFNQkAAAAAWzno6AAAAAAAAAAA3z9hmASpL9tAVxktxD3XSOp3itxSvEmM6AUkwBS4ERnwOuE8xE7qMQQmsr/LDXqhZrPA33aH5EbyaRfXBUztTwAAABYN4Lazp2QAAAAAAAAAAAGQAAAAAAAAAAAAAAAAAAAAZAX14QAAAABkAAAAAAAAAAAAAAAAAAAAAAAAAAAAAAAAAAAAAAAAAAAAAAAAAAAAAAAAAAAAAAAAAAAAAAAAAAAAAAAAAAAAAAAAAAAAAAAAAAAAAAAAAAAAAAAAAAAAAAAAAAAAAAAAAAAAAAAAAAAAAAAAAAAAAAAAAAAAAAAAAAAAAAAAAAAAAAAA
1e4d84a28295660c0161e287934174b2075691fadbe5872d767be82b1e80ad74,d43dd9109866347ac843d3eadd9bd810a50af4ee5ed4cf03d590083ea5ce37bc,f03ae13cc44eea310426b2bfcb0d7aa166b3c0df7687e446f26917d7054ced4f,23,1530521844,AAAAANQ92RCYZjR6yEPT6t2b2BClCvTuXtTPA9WQCD6lzje8M58gbPgT5yVgT65I0H1ybO2+SXZ0yD4P+fevdcQFOc8AAAAAWzno9AAAAAAAAAAA3z9hmASpL9tAVxktxD3XSOp3itxSvEmM6AUkwBS4ERnwOuE8xE7qMQQmsr/LDXqhZrPA33aH5EbyaRfXBUztTwAAABcN4Lazp2QAAAAAAAAAAAGQAAAAAAAAAAAAAAAAAAAAZAX14QAAAABkAAAAAAAAAAAAAAAAAAAAAAAAAAAAAAAAAAAAAAAAAAAAAAAAAAAAAAAAAAAAAAAAAAAAAAAAAAAAAAAAAAAAAAAAAAAAAAAAAAAAAAAAAAAAAAAAAAAAAAAAAAAAAAAAAAAAAAAAAAAAAAAAAAAAAAAAAAAAAAAAAAAAAAAAAAAAAAAA
15ca0a7106e67b5919969dd3dd8ba349ce41a34a391d4af1032af10c274dd246,1e4d84a28295660c0161e287934174b2075691fadbe5872d767be82b1e80ad74,63ecbbe12185c503a21763d78c6274cc36038bd4bd3357220ccf235b475ea2a0,24,1530521855,AAAAAB5NhKKClWYMAWHih5NBdLIHVpH62+WHLXZ76CsegK10MMPZsMKKbioYfGDnEPWTvwxfJ2cktxZU/Pxxh0nJZj8AAAAAWzno/wAAAAAAAAAA3z9hmASpL9tAVxktxD3XSOp3itxSvEmM6AUkwBS4ERlj7LvhIYXFA6IXY9eMYnTMNgOL1L0zVyIMzyNbR16ioAAAABgN4Lazp2QAAAAAAAAAAAGQAAAAAAAAAAAAAAAAAAAAZAX14QAAAABkAAAAAAAAAAAAAAAAAAAAAAAAAAAAAAAAAAAAAAAAAAAAAAAAAAAAAAAAAAAAAAAAAAAAAAAAAAAAAAAAAAAAAAAAAAAAAAAAAAAAAAAAAAAAAAAAAAAAAAAAAAAAAAAAAAAAAAAAAAAAAAAAAAAAAAAAAAAAAAAAAAAAAAAAAAAAAAAA
84b70ce397fab898fc08595baf018028629ddd0a25cda548be8e087c11690164,15ca0a7106e67b5919969dd3dd8ba349ce41a34a391d4af1032af10c274dd246,63ecbbe12185c503a21763d78c6274cc36038bd4bd3357220ccf235b475ea2a0,25,1530521874,AAAAABXKCnEG5ntZGZad092Lo0nOQaNKOR1K8QMq8QwnTdJGPJBn60M38SDrZQEKoD02wRfO+GB2VfGwrFo8Uj1uiAUAAAAAWznpEgAAAAAAAAAA3z9hmASpL9tAVxktxD3XSOp3itxSvEmM6AUkwBS4ERlj7LvhIYXFA6IXY9eMYnTMNgOL1L0zVyIMzyNbR16ioAAAABkN4Lazp2QAAAAAAAAAAAGQAAAAAAAAAAAAAAAAAAAAZAX14QAAAABkAAAAAAAAAAAAAAAAAAAAAAAAAAAAAAAAAAAAAAAAAAAAAAAAAAAAAAAAAAAAAAAAAAAAAAAAAAAAAAAAAAAAAAAAAAAAAAAAAAAAAAAAAAAAAAAAAAAAAAAAAAAAAAAAAAAAAAAAAAAAAAAAAAAAAAAAAAAAAAAAAAAAAAAAAAAAAAAA
8f13dffd1aa1678e5e3889d8b7ed7b959a87ee5059155044442c0f1c998b6f49,84b70ce397fab898fc08595baf018028629ddd0a25cda548be8e087c11690164,63ecbbe12185c503a21763d78c6274cc36038bd4bd3357220ccf235b475ea2a0,26,1530521900,AAAAAIS3DOOX+riY/AhZW68BgChind0KJc2lSL6OCHwRaQFkxe6kAivDXwwxcYsN9glPt4wzSzKEnY+xhL6qu9orpq0AAAAAWznpLAAAAAAAAAAA3z9hmASpL9tAVxktxD3XSOp3itxSvEmM6AUkwBS4ERlj7LvhIYXFA6IXY9eMYnTMNgOL1L0zVyIMzyNbR16ioAAAABoN4Lazp2QAAAAAAAAAAAGQAAAAAAAAAAAAAAAAAAAAZAX14QAAAABkAAAAAAAAAAAAAAAAAAAAAAAAAAAAAAAAAAAAAAAAAAAAAAAAAAAAAAAAAAAAAAAAAAAAAAAAAAAAAAAAAAAAAAAAAAAAAAAAAAAAAAAAAAAAAAAAAAAAAAAAAAAAAAAAAAAAAAAAAAAAAAAAAAAAAAAAAAAAAAAAAAAAAAAAAAAAAAAA
2124c21048451f4bca81d80af9c577c3959577e82da11cd8210d00cf356fc00a,8f13dffd1aa1678e5e3889d8b7ed7b959a87ee5059155044442c0f1c998b6f49,63ecbbe12185c503a21763d78c6274cc36038bd4bd3357220ccf235b475ea2a0,27,1530521920,AAAAAI8T3/0aoWeOXjiJ2Lfte5Wah+5QWRVQREQsDxyZi29JbC1I6j2rAtQHuR9LobGUSujvS8yMElQt9T5fw1AZNIYAAAAAWznpQAAAAAAAAAAA3z9hmASpL9tAVxktxD3XSOp3itxSvEmM6AUkwBS4ERlj7LvhIYXFA6IXY9eMYnTMNgOL1L0zVyIMzyNbR16ioAAAABsN4Lazp2QAAAAAAAAAAAGQAAAAAAAAAAAAAAAAAAAAZAX14QAAAABkAAAAAAAAAAAAAAAAAAAAAAAAAAAAAAAAAAAAAAAAAAAAAAAAAAAAAAAAAAAAAAAAAAAAAAAAAAAAAAAAAAAAAAAAAAAAAAAAAAAAAAAAAAAAAAAAAAAAAAAAAAAAAAAAAAAAAAAAAAAAAAAAAAAAAAAAAAAAAAAAAAAAAAAAAAAAAAAA
10a72eaeecd93f9b830d530d5d9eb57c61e7fc9be21e5fb0b8a85c49593a5019,2124c21048451f4bca81d80af9c577c3959577e82da11cd8210d00cf356fc00a,fb0041c3af3d2f252e52bd702b53d81073ab9d913d41a2f611c38c931956eb18,28,1530521942,AAAAACEkwhBIRR9LyoHYCvnFd8OVlXfoLaEc2CENAM81b8AKCd59F83cZ5IhZCodbYy5y0fkPM8TPTu8uLzyRb3zKUcAAAAAWznpVgAAAAAAAAAABBEKWPuqwkptPlQKIf7EKKNm3Luz8Wfqct6eDtFwEz77AEHDrz0vJS5SvXArU9gQc6udkT1BovYRw4yTGVbrGAAAABwN4Lazp2QAAAAAAAAAAAH0AAAAAAAAAAAAAAAAAAAAZAX14QAAAABkAAAAAAAAAAAAAAAAAAAAAAAAAAAAAAAAAAAAAAAAAAAAAAAAAAAAAAAAAAAAAAAAAAAAAAAAAAAAAAAAAAAAAAAAAAAAAAAAAAAAAAAAAAAAAAAAAAAAAAAAAAAAAAAAAAAAAAAAAAAAAAAAAAAAAAAAAAAAAAAAAAAAAAAAAAAAAAAA
7e0bc23f4df80608f9f7487c5d46c7513753fb443c7e0a696eafe2abbec2fe5e,10a72eaeecd93f9b830d530d5d9eb57c61e7fc9be21e5fb0b8a85c49593a5019,fb0041c3af3d2f252e52bd702b53d81073ab9d913d41a2f611c38c931956eb18,29,1530521972,AAAAABCnLq7s2T+bgw1TDV2etXxh5/yb4h5fsLioXElZOlAZmkpacuK2ImC+U7vqDI9Q89hUcGuUvjPKelSXalkxH1oAAAAAWznpdAAAAAAAAAAA3z9hmASpL9tAVxktxD3XSOp3itxSvEmM6AUkwBS4ERn7AEHDrz0vJS5SvXArU9gQc6udkT1BovYRw4yTGVbrGAAAAB0N4Lazp2QAAAAAAAAAAAH0AAAAAAAAAAAAAAAAAAAAZAX14QAAAABkAAAAAAAAAAAAAAAAAAAAAAAAAAAAAAAAAAAAAAAAAAAAAAAAAAAAAAAAAAAAAAAAAAAAAAAAAAAAAAAAAAAAAAAAAAAAAAAAAAAAAAAAAAAAAAAAAAAAAAAAAAAAAAAAAAAAAAAAAAAAAAAAAAAAAAAAAAAAAAAAAAAAAAAAAAAAAAAA
f55aab858227aeb5322c6caf6d061c8d6418f577e8ba734fe9e90871210bae54,7e0bc23f4df80608f9f7487c5d46c7513753fb443c7e0a696eafe2abbec2fe5e,9d69f9b4f14dbe3595337a594d748fe03e98588113730f5ac33cdda80a6a0cc3,30,1530521993,AAAAAH4Lwj9N+AYI+fdIfF1Gx1E3U/tEPH4KaW6v4qu+wv5eq+oPNcdAljmChu4NW4o8GGv/wG1jCFEuwO2L9ZB4kCgAAAAAWznpiQAAAAAAAAAA3z9hmASpL9tAVxktxD3XSOp3itxSvEmM6AUkwBS4ERmdafm08U2+NZUzellNdI/gPphYgRNzD1rDPN2oCmoMwwAAAB4N4Lazp2QAAAAAAAAAAAH0AAAAAAAAAAAAAAAAAAAAZAX14QAAAABkAAAAAAAAAAAAAAAAAAAAAAAAAAAAAAAAAAAAAAAAAAAAAAAAAAAAAAAAAAAAAAAAAAAAAAAAAAAAAAAAAAAAAAAAAAAAAAAAAAAAAAAAAAAAAAAAAAAAAAAAAAAAAAAAAAAAAAAAAAAAAAAAAAAAAAAAAAAAAAAAAAAAAAAAAAAAAAAA
f9a265560f8b88b2705ccbc495f74d6f5376ce11eedace3249d27459a3c5492f,f55aab858227aeb5322c6caf6d061c8d6418f577e8ba734fe9e90871210bae54,9d69f9b4f14dbe3595337a594d748fe03e98588113730f5ac33cdda80a6a0cc3,31,1530522018,AAAAAPVaq4WCJ661Mixsr20GHI1kGPV36LpzT+npCHEhC65Uz+3NwFQqloWeTpSSRox1mg9ZzychlWOFMSYC8yfma9gAAAAAWznpogAAAAAAAAAA3z9hmASpL9tAVxktxD3XSOp3itxSvEmM6AUkwBS4ERmdafm08U2+NZUzellNdI/gPphYgRNzD1rDPN2oCmoMwwAAAB8N4Lazp2QAAAAAAAAAAAH0AAAAAAAAAAAAAAAAAAAAZAX14QAAAABkAAAAAAAAAAAAAAAAAAAAAAAAAAAAAAAAAAAAAAAAAAAAAAAAAAAAAAAAAAAAAAAAAAAAAAAAAAAAAAAAAAAAAAAAAAAAAAAAAAAAAAAAAAAAAAAAAAAAAAAAAAAAAAAAAAAAAAAAAAAAAAAAAAAAAAAAAAAAAAAAAAAAAAAAAAAAAAAA
a8b05865ac59dd35402d1807c62035e094a4a061f83eddacd62f9966e2784eae,f9a265560f8b88b2705ccbc495f74d6f5376ce11eedace3249d27459a3c5492f,d54328c2d9b97de4f0a0bdddcd05042a447d37bc22f68001e4b3eff33d84e492,32,1530522042,AAAAAPmiZVYPi4iycFzLxJX3TW9Tds4R7trOMknSdFmjxUkvorMzx6VxabPKaOUX0dq6IgymfNUnIFYW58ydXsC1I+EAAAAAWznpugAAAAAAAAAA3z9hmASpL9tAVxktxD3XSOp3itxSvEmM6AUkwBS4ERnVQyjC2bl95PCgvd3NBQQqRH03vCL2gAHks+/zPYTkkgAAACAN4Lazp2QAAAAAAAAAAAH0AAAAAAAAAAAAAAAAAAAAZAX14QAAAABkAAAAAAAAAAAAAAAAAAAAAAAAAAAAAAAAAAAAAAAAAAAAAAAAAAAAAAAAAAAAAAAAAAAAAAAAAAAAAAAAAAAAAAAAAAAAAAAAAAAAAAAAAAAAAAAAAAAAAAAAAAAAAAAAAAAAAAAAAAAAAAAAAAAAAAAAAAAAAAAAAAAAAAAAAAAAAAAA
3417d857609dc1e027832fdd92226c2093a04e87e6ed8a40d3809923a6830b2f,a8b05865ac59dd35402d1807c62035e094a4a061f83eddacd62f9966e2784eae,d54328c2d9b97de4f0a0bdddcd05042a447d37bc22f68001e4b3eff33d84e492,33,1530522061,AAAAAKiwWGWsWd01QC0YB8YgNeCUpKBh+D7drNYvmWbieE6uqj5hhXX+X/YqA69eLxuMcCedTRQtGedW2N7QI87F9SsAAAAAWznpzQAAAAAAAAAA3z9hmASpL9tAVxktxD3XSOp3itxSvEmM6AUkwBS4ERnVQyjC2bl95PCgvd3NBQQqRH03vCL2gAHks+/zPYTkkgAAACEN4Lazp2QAAAAAAAAAAAH0AAAAAAAAAAAAAAAAAAAAZAX14QAAAABkAAAAAAAAAAAAAAAAAAAAAAAAAAAAAAAAAAAAAAAAAAAAAAAAAAAAAAAAAAAAAAAAAAAAAAAAAAAAAAAAAAAAAAAAAAAAAAAAAAAAAAAAAAAAAAAAAAAAAAAAAAAAAAAAAAAAAAAAAAAAAAAAAAAAAAAAAAAAAAAAAAAAAAAAAAAAAAAA
cf69a331ceba0134ca573a72ac835aa3cd4e0940b5316079927b98f6642627d7,3417d857609dc1e027832fdd92226c2093a04e87e6ed8a40d3809923a6830b2f,d54328c2d9b97de4f0a0bdddcd05042a447d37bc22f68001e4b3eff33d84e492,34,1530522081,AAAAADQX2FdgncHgJ4Mv3ZIibCCToE6H5u2KQNOAmSOmgwsvzGMHiVxdeUhjU9X9PC05o2icTIMY5HbUZKzl8UW/VLoAAAAAWznp4QAAAAAAAAAA3z9hmASpL9tAVxktxD3XSOp3itxSvEmM6AUkwBS4ERnVQyjC2bl95PCgvd3NBQQqRH03vCL2gAHks+/zPYTkkgAAACIN4Lazp2QAAAAAAAAAAAH0AAAAAAAAAAAAAAAAAAAAZAX14QAAAABkAAAAAAAAAAAAAAAAAAAAAAAAAAAAAAAAAAAAAAAAAAAAAAAAAAAAAAAAAAAAAAAAAAAAAAAAAAAAAAAAAAAAAAAAAAAAAAAAAAAAAAAAAAAAAAAAAAAAAAAAAAAAAAAAAAAAAAAAAAAAAAAAAAAAAAAAAAAAAAAAAAAAAAAAAAAAAAAA
b11b0ab211955df1fd0d9b1c436a70a3078a09c24e4a49e9433155d0e90012eb,cf69a331ceba0134ca573a72ac835aa3cd4e0940b5316079927b98f6642627d7,d54328c2d9b97de4f0a0bdddcd05042a447d37bc22f68001e4b3eff33d84e492,35,1530522101,AAAAAM9pozHOugE0ylc6cqyDWqPNTglAtTFgeZJ7mPZkJifXg6UvCIK6CyDY/k1xkO0jPQC2egmqfMg2MF6GX3HW4TQAAAAAWznp9QAAAAAAAAAA3z9hmASpL9tAVxktxD3XSOp3itxSvEmM6AUkwBS4ERnVQyjC2bl95PCgvd3NBQQqRH03vCL2gAHks+/zPYTkkgAAACMN4Lazp2QAAAAAAAAAAAH0AAAAAAAAAAAAAAAAAAAAZAX14QAAAABkAAAAAAAAAAAAAAAAAAAAAAAAAAAAAAAAAAAAAAAAAAAAAAAAAAAAAAAAAAAAAAAAAAAAAAAAAAAAAAAAAAAAAAAAAAAAAAAAAAAAAAAAAAAAAAAAAAAAAAAAAAAAAAAAAAAAAAAAAAAAAAAAAAAAAAAAAAAAAAAAAAAAAAAAAAAAAAAA
807fbf6d88cc293fe1cc41b4c7ac6c605b9c9132b2fb1d5f0f148398e9150d95,b11b0ab211955df1fd0d9b1c436a70a3078a09c24e4a49e9433155d0e90012eb,d54328c2d9b97de4f0a0bdddcd05042a447d37bc22f68001e4b3eff33d84e492,36,1530522122,AAAAALEbCrIRlV3x/Q2bHENqcKMHignCTkpJ6UMxVdDpABLryew51qwAovMKTB0eQQIkBN0bYX/2Rnym+YhPZZSPrZkAAAAAWznqCgAAAAAAAAAA3z9hmASpL9tAVxktxD3XSOp3itxSvEmM6AUkwBS4ERnVQyjC2bl95PCgvd3NBQQqRH03vCL2gAHks+/zPYTkkgAAACQN4Lazp2QAAAAAAAAAAAH0AAAAAAAAAAAAAAAAAAAAZAX14QAAAABkAAAAAAAAAAAAAAAAAAAAAAAAAAAAAAAAAAAAAAAAAAAAAAAAAAAAAAAAAAAAAAAAAAAAAAAAAAAAAAAAAAAAAAAAAAAAAAAAAAAAAAAAAAAAAAAAAAAAAAAAAAAAAAAAAAAAAAAAAAAAAAAAAAAAAAAAAAAAAAAAAAAAAAAAAAAAAAAA
b6fcfe2e24b48089ff92a59b4bf688df4dd8abac6ff41a30befcb9cf3bca210d,807fbf6d88cc293fe1cc41b4c7ac6c605b9c9132b2fb1d5f0f148398e9150d95,d54328c2d9b97de4f0a0bdddcd05042a447d37bc22f68001e4b3eff33d84e492,37,1530522146,AAAAAIB/v22IzCk/4cxBtMesbGBbnJEysvsdXw8Ug5jpFQ2Vk7I4pdr2ze2d1Bprsu29d/5cqExM5Jbr/5uu4o3rqOQAAAAAWznqIgAAAAAAAAAA3z9hmASpL9tAVxktxD3XSOp3itxSvEmM6AUkwBS4ERnVQyjC2bl95PCgvd3NBQQqRH03vCL2gAHks+/zPYTkkgAAACUN4Lazp2QAAAAAAAAAAAH0AAAAAAAAAAAAAAAAAAAAZAX14QAAAABkAAAAAAAAAAAAAAAAAAAAAAAAAAAAAAAAAAAAAAAAAAAAAAAAAAAAAAAAAAAAAAAAAAAAAAAAAAAAAAAAAAAAAAAAAAAAAAAAAAAAAAAAAAAAAAAAAAAAAAAAAAAAAAAAAAAAAAAAAAAAAAAAAAAAAAAAAAAAAAAAAAAAAAAAAAAAAAAA
35b9872e2096b4710904db76115db91a8b8e19712e6777b7b6fe96e43c430f30,b6fcfe2e24b48089ff92a59b4bf688df4dd8abac6ff41a30befcb9cf3bca210d,d54328c2d9b97de4f0a0bdddcd05042a447d37bc22f68001e4b3eff33d84e492,38,1530522164,AAAAALb8/i4ktICJ/5Klm0v2iN9N2Kusb/QaML78uc87yiENJ1t5mC5C8Ts1vwDWviAv7SW9pcTao27xFrFtPaOLWxIAAAAAWznqNAAAAAAAAAAA3z9hmASpL9tAVxktxD3XSOp3itxSvEmM6AUkwBS4ERnVQyjC2bl95PCgvd3NBQQqRH03vCL2gAHks+/zPYTkkgAAACYN4Lazp2QAAAAAAAAAAAH0AAAAAAAAAAAAAAAAAAAAZAX14QAAAABkAAAAAAAAAAAAAAAAAAAAAAAAAAAAAAAAAAAAAAAAAAAAAAAAAAAAAAAAAAAAAAAAAAAAAAAAAAAAAAAAAAAAAAAAAAAAAAAAAAAAAAAAAAAAAAAAAAAAAAAAAAAAAAAAAAAAAAAAAAAAAAAAAAAAAAAAAAAAAAAAAAAAAAAAAAAAAAAA
daf9ec80dcfcfc9078406e58d1f759e554c9e7a1922e73015a0b17292c2d4a78,35b9872e2096b4710904db76115db91a8b8e19712e6777b7b6fe96e43c430f30,d54328c2d9b97de4f0a0bdddcd05042a447d37bc22f68001e4b3eff33d84e492,39,1530522186,AAAAADW5hy4glrRxCQTbdhFduRqLjhlxLmd3t7b+luQ8Qw8w0mMFdn773NQaVoQaC7n+c+kuzXh1s+eN5IdlC3JCWqcAAAAAWznqSgAAAAAAAAAA3z9hmASpL9tAVxktxD3XSOp3itxSvEmM6AUkwBS4ERnVQyjC2bl95PCgvd3NBQQqRH03vCL2gAHks+/zPYTkkgAAACcN4Lazp2QAAAAAAAAAAAH0AAAAAAAAAAAAAAAAAAAAZAX14QAAAABkAAAAAAAAAAAAAAAAAAAAAAAAAAAAAAAAAAAAAAAAAAAAAAAAAAAAAAAAAAAAAAAAAAAAAAAAAAAAAAAAAAAAAAAAAAAAAAAAAAAAAAAAAAAAAAAAAAAAAAAAAAAAAAAAAAAAAAAAAAAAAAAAAAAAAAAAAAAAAAAAAAAAAAAAAAAAAAAA
ac63a1aade1478e67e524947d3df25e31e6ba5ffa9d947e5fa4fa0b138b098aa,daf9ec80dcfcfc9078406e58d1f759e554c9e7a1922e73015a0b17292c2d4a78,92a4254248c52d17dd1e0832804e289d502a4710303ec4e7ace53695c55cbf9a,40,1530522203,AAAAANr57IDc/PyQeEBuWNH3WeVUyeehki5zAVoLFyksLUp48MpiOKjjLfOFlUIl760LVkQ8N7VmHHWY7zJV32PlfN8AAAAAWznqWwAAAAAAAAAA3z9hmASpL9tAVxktxD3XSOp3itxSvEmM6AUkwBS4ERmSpCVCSMUtF90eCDKATiidUCpHEDA+xOes5TaVxVy/mgAAACgN4Lazp2QAAAAAAAAAAAH0AAAAAAAAAAAAAAAAAAAAZAX14QAAAABkAAAAAAAAAAAAAAAAAAAAAAAAAAAAAAAAAAAAAAAAAAAAAAAAAAAAAAAAAAAAAAAAAAAAAAAAAAAAAAAAAAAAAAAAAAAAAAAAAAAAAAAAAAAAAAAAAAAAAAAAAAAAAAAAAAAAAAAAAAAAAAAAAAAAAAAAAAAAAAAAAAAAAAAAAAAAAAAA
aee426bde5d30efb036c592078529ce165de85b0ff4dbf3e4d0cf182e2fc241b,ac63a1aade1478e67e524947d3df25e31e6ba5ffa9d947e5fa4fa0b138b098aa,7283e7eb8074c890d2f5a1d6b3eece50c5dc60bd5f8c35557a082b00e267dab1,41,1530522220,AAAAAKxjoareFHjmflJJR9PfJeMea6X/qdlH5fpPoLE4sJiqIb5oFeQkOGXpcPctfXdNyaq2lwRhgCdgnIwoeOh2lSEAAAAAWznqbAAAAAAAAAAAhpATKjtf4eN5Tf6YgfsA8R4tctWtLZ/q9738Kxj6xFRyg+frgHTIkNL1odaz7s5QxdxgvV+MNVV6CCsA4mfasQAAACkN4Lazp2QAAAAAAAAAAAJYAAAAAAAAAAAAAAAAAAAAZAX14QAAAABkAAAAAAAAAAAAAAAAAAAAAAAAAAAAAAAAAAAAAAAAAAAAAAAAAAAAAAAAAAAAAAAAAAAAAAAAAAAAAAAAAAAAAAAAAAAAAAAAAAAAAAAAAAAAAAAAAAAAAAAAAAAAAAAAAAAAAAAAAAAAAAAAAAAAAAAAAAAAAAAAAAAAAAAAAAAAAAAA
dad7c33aa65c14c0c0da79247faf9483b2b863f864524429118b84b8d396be11,aee426bde5d30efb036c592078529ce165de85b0ff4dbf3e4d0cf182e2fc241b,40f841de5692f03ffb7f8a3eb454cc7e10ed24e0ef0120a2b466a1ee5638a702,42,1530522235,AAAAAK7kJr3l0w77A2xZIHhSnOFl3oWw/02/Pk0M8YLi/CQbyQwzQObHek+aUVFaXHzT+NZiztjgWZbOub0vH1s0Iz4AAAAAWznqewAAAAAAAAAA3z9hmASpL9tAVxktxD3XSOp3itxSvEmM6AUkwBS4ERlA+EHeVpLwP/t/ij60VMx+EO0k4O8BIKK0ZqHuVjinAgAAACoN4Lazp2QAAAAAAAAAAAJYAAAAAAAAAAAAAAAAAAAAZAX14QAAAABkAAAAAAAAAAAAAAAAAAAAAAAAAAAAAAAAAAAAAAAAAAAAAAAAAAAAAAAAAAAAAAAAAAAAAAAAAAAAAAAAAAAAAAAAAAAAAAAAAAAAAAAAAAAAAAAAAAAAAAAAAAAAAAAAAAAAAAAAAAAAAAAAAAAAAAAAAAAAAAAAAAAAAAAAAAAAAAAA
80aa6bcbdd66deb43fecd80ef16aaf44ca22e0b15bfd03da6a6ede517408cd48,dad7c33aa65c14c0c0da79247faf9483b2b863f864524429118b84b8d396be11,40f841de5692f03ffb7f8a3eb454cc7e10ed24e0ef0120a2b466a1ee5638a702,43,1530522255,AAAAANrXwzqmXBTAwNp5JH+vlIOyuGP4ZFJEKRGLhLjTlr4RGmFBlelM7k7yIZtSOy7Bnj5hBtfPHKQC20b0jWj5uvkAAAAAWznqjwAAAAAAAAAA3z9hmASpL9tAVxktxD3XSOp3itxSvEmM6AUkwBS4ERlA+EHeVpLwP/t/ij60VMx+EO0k4O8BIKK0ZqHuVjinAgAAACsN4Lazp2QAAAAAAAAAAAJYAAAAAAAAAAAAAAAAAAAAZAX14QAAAABkAAAAAAAAAAAAAAAAAAAAAAAAAAAAAAAAAAAAAAAAAAAAAAAAAAAAAAAAAAAAAAAAAAAAAAAAAAAAAAAAAAAAAAAAAAAAAAAAAAAAAAAAAAAAAAAAAAAAAAAAAAAAAAAAAAAAAAAAAAAAAAAAAAAAAAAAAAAAAAAAAAAAAAAAAAAAAAAA
11ac98a3a4ef579ee18e6e24ff334355104d4aa98b4f60b6220d910bdd290c2a,80aa6bcbdd66deb43fecd80ef16aaf44ca22e0b15bfd03da6a6ede517408cd48,f481a9559c31d19ff35a2fe492940887e5d33654456d119e5f3bad488bb1cb4d,44,1530522275,AAAAAICqa8vdZt60P+zYDvFqr0TKIuCxW/0D2mpu3lF0CM1IuUuhziXUv50rfB5HQBmqbyLFUTwzbPoXXd37cXdy+q8AAAAAWznqowAAAAAAAAAA3z9hmASpL9tAVxktxD3XSOp3itxSvEmM6AUkwBS4ERn0galVnDHRn/NaL+SSlAiH5dM2VEVtEZ5fO61Ii7HLTQAAACwN4Lazp2QAAAAAAAAAAAJYAAAAAAAAAAAAAAAAAAAAZAX14QAAAABkAAAAAAAAAAAAAAAAAAAAAAAAAAAAAAAAAAAAAAAAAAAAAAAAAAAAAAAAAAAAAAAAAAAAAAAAAAAAAAAAAAAAAAAAAAAAAAAAAAAAAAAAAAAAAAAAAAAAAAAAAAAAAAAAAAAAAAAAAAAAAAAAAAAAAAAAAAAAAAAAAAAAAAAAAAAAAAAA
c23fe3472134ad6ab2c0f6be99d65a8af00e2b4b7b0e8e5043d873f6f0c5ba8c,11ac98a3a4ef579ee18e6e24ff334355104d4aa98b4f60b6220d910bdd290c2a,f481a9559c31d19ff35a2fe492940887e5d33654456d119e5f3bad488bb1cb4d,45,1530522290,AAAAABGsmKOk71ee4Y5uJP8zQ1UQTUqpi09gtiINkQvdKQwqlXYy/JFPffKWk7AU1Viaf/xownOWRLHvn+NT2Ep14aEAAAAAWznqsgAAAAAAAAAA3z9hmASpL9tAVxktxD3XSOp3itxSvEmM6AUkwBS4ERn0galVnDHRn/NaL+SSlAiH5dM2VEVtEZ5fO61Ii7HLTQAAAC0N4Lazp2QAAAAAAAAAAAJYAAAAAAAAAAAAAAAAAAAAZAX14QAAAABkAAAAAAAAAAAAAAAAAAAAAAAAAAAAAAAAAAAAAAAAAAAAAAAAAAAAAAAAAAAAAAAAAAAAAAAAAAAAAAAAAAAAAAAAAAAAAAAAAAAAAAAAAAAAAAAAAAAAAAAAAAAAAAAAAAAAAAAAAAAAAAAAAAAAAAAAAAAAAAAAAAAAAAAAAAAAAAAA
e51a9d4ebababa5c1ec293c7790b0a30584bee27d044a9d1e6c31db2c56887cd,c23fe3472134ad6ab2c0f6be99d65a8af00e2b4b7b0e8e5043d873f6f0c5ba8c,f481a9559c31d19ff35a2fe492940887e5d33654456d119e5f3bad488bb1cb4d,46,1530522301,AAAAAMI/40chNK1qssD2vpnWWorwDitLew6OUEPYc/bwxbqM7Db6uR3p6uHQ1kCjoW5kZVeqrRMTqEsFJ4GvaEwiPRIAAAAAWznqvQAAAAAAAAAA3z9hmASpL9tAVxktxD3XSOp3itxSvEmM6AUkwBS4ERn0galVnDHRn/NaL+SSlAiH5dM2VEVtEZ5fO61Ii7HLTQAAAC4N4Lazp2QAAAAAAAAAAAJYAAAAAAAAAAAAAAAAAAAAZAX14QAAAABkAAAAAAAAAAAAAAAAAAAAAAAAAAAAAAAAAAAAAAAAAAAAAAAAAAAAAAAAAAAAAAAAAAAAAAAAAAAAAAAAAAAAAAAAAAAAAAAAAAAAAAAAAAAAAAAAAAAAAAAAAAAAAAAAAAAAAAAAAAAAAAAAAAAAAAAAAAAAAAAAAAAAAAAAAAAAAAAA
96739f0e30b0ae656751b9e869cd88e74f113991f322b71c2b7675004f99cd70,e51a9d4ebababa5c1ec293c7790b0a30584bee27d044a9d1e6c31db2c56887cd,f481a9559c31d19ff35a2fe492940887e5d33654456d119e5f3bad488bb1cb4d,47,1530522312,AAAAAOUanU66urpcHsKTx3kLCjBYS+4n0ESp0ebDHbLFaIfNWc1UqEx4F55Z4ZjEnqi3bssR7YfDdEeiPuFSkDDN6GEAAAAAWznqyAAAAAAAAAAA3z9hmASpL9tAVxktxD3XSOp3itxSvEmM6AUkwBS4ERn0galVnDHRn/NaL+SSlAiH5dM2VEVtEZ5fO61Ii7HLTQAAAC8N4Lazp2QAAAAAAAAAAAJYAAAAAAAAAAAAAAAAAAAAZAX14QAAAABkAAAAAAAAAAAAAAAAAAAAAAAAAAAAAAAAAAAAAAAAAAAAAAAAAAAAAAAAAAAAAAAAAAAAAAAAAAAAAAAAAAAAAAAAAAAAAAAAAAAAAAAAAAAAAAAAAAAAAAAAAAAAAAAAAAAAAAAAAAAAAAAAAAAAAAAAAAAAAAAAAAAAAAAAAAAAAAAA
96a33f73fa72eb00bd621d376bb0bb3016909e171416e2faea35f53a4da2299b,96739f0e30b0ae656751b9e869cd88e74f113991f322b71c2b7675004f99cd70,d248b8f386a3567922c34e77f4e705ed6c091f1ce77cdc18c9204361ec62cb66,48,1530522329,AAAAAJZznw4wsK5lZ1G56GnNiOdPETmR8yK3HCt2dQBPmc1wUXmyf2QHxOqxmMRsVptRoKPQh1BCbrCeH3wWSwirQU8AAAAAWznq2QAAAAAAAAAA3z9hmASpL9tAVxktxD3XSOp3itxSvEmM6AUkwBS4ERnSSLjzhqNWeSLDTnf05wXtbAkfHOd83BjJIENh7GLLZgAAADAN4Lazp2QAAAAAAAAAAAJYAAAAAAAAAAAAAAAAAAAAZAX14QAAAABkAAAAAAAAAAAAAAAAAAAAAAAAAAAAAAAAAAAAAAAAAAAAAAAAAAAAAAAAAAAAAAAAAAAAAAAAAAAAAAAAAAAAAAAAAAAAAAAAAAAAAAAAAAAAAAAAAAAAAAAAAAAAAAAAAAAAAAAAAAAAAAAAAAAAAAAAAAAAAAAAAAAAAAAAAAAAAAAA
c56a1b96c6ecadd1334142b74b14d77796d45ba485f86ce16ec0c77025b84697,96a33f73fa72eb00bd621d376bb0bb3016909e171416e2faea35f53a4da2299b,d248b8f386a3567922c34e77f4e705ed6c091f1ce77cdc18c9204361ec62cb66,49,1530522348,AAAAAJajP3P6cusAvWIdN2uwuzAWkJ4XFBbi+uo19TpNoimbesZSGai2xpjBMGv/0QcQ1Zabr8+HGkkObcqjLkhMOzcAAAAAWznq7AAAAAAAAAAA3z9hmASpL9tAVxktxD3XSOp3itxSvEmM6AUkwBS4ERnSSLjzhqNWeSLDTnf05wXtbAkfHOd83BjJIENh7GLLZgAAADEN4Lazp2QAAAAAAAAAAAJYAAAAAAAAAAAAAAAAAAAAZAX14QAAAABkAAAAAAAAAAAAAAAAAAAAAAAAAAAAAAAAAAAAAAAAAAAAAAAAAAAAAAAAAAAAAAAAAAAAAAAAAAAAAAAAAAAAAAAAAAAAAAAAAAAAAAAAAAAAAAAAAAAAAAAAAAAAAAAAAAAAAAAAAAAAAAAAAAAAAAAAAAAAAAAAAAAAAAAAAAAAAAAA
7a477b6ac22c71eb2e08859716b0991b3e3862c4691943e2e561efe144766d57,c56a1b96c6ecadd1334142b74b14d77796d45ba485f86ce16ec0c77025b84697,d248b8f386a3567922c34e77f4e705ed6c091f1ce77cdc18c9204361ec62cb66,50,1530522369,AAAAAMVqG5bG7K3RM0FCt0sU13eW1Fukhfhs4W7Ax3AluEaX+KLSzp4pdRiFQ09qJd3GLs15pSZzU8/FBRZLgPkx/+EAAAAAWznrAQAAAAAAAAAA3z9hmASpL9tAVxktxD3XSOp3itxSvEmM6AUkwBS4ERnSSLjzhqNWeSLDTnf05wXtbAkfHOd83BjJIENh7GLLZgAAADIN4Lazp2QAAAAAAAAAAAJYAAAAAAAAAAAAAAAAAAAAZAX14QAAAABk0ki484ajVnkiw0539OcF7WwJHxznfNwYySBDYexiy2YAAAAAAAAAAAAAAAAAAAAAAAAAAAAAAAAAAAAAAAAAAAAAAAAAAAAAAAAAAAAAAAAAAAAAAAAAAAAAAAAAAAAAAAAAAAAAAAAAAAAAAAAAAAAAAAAAAAAAAAAAAAAAAAAAAAAA
def49d9a022852530896c0da3a9aa0ee84b3bd20ab67ce8ea0314c1ca36ed3f8,7a477b6ac22c71eb2e08859716b0991b3e3862c4691943e2e561efe144766d57,d248b8f386a3567922c34e77f4e705ed6c091f1ce77cdc18c9204361ec62cb66,51,1530522395,AAAAAHpHe2rCLHHrLgiFlxawmRs+OGLEaRlD4uVh7+FEdm1XH68URETxkJZM8l5a1E3RP1hEja65M/N5zuGAnj967w0AAAAAWznrGwAAAAAAAAAA3z9hmASpL9tAVxktxD3XSOp3itxSvEmM6AUkwBS4ERnSSLjzhqNWeSLDTnf05wXtbAkfHOd83BjJIENh7GLLZgAAADMN4Lazp2QAAAAAAAAAAAJYAAAAAAAAAAAAAAAAAAAAZAX14QAAAABk0ki484ajVnkiw0539OcF7WwJHxznfNwYySBDYexiy2YAAAAAAAAAAAAAAAAAAAAAAAAAAAAAAAAAAAAAAAAAAAAAAAAAAAAAAAAAAAAAAAAAAAAAAAAAAAAAAAAAAAAAAAAAAAAAAAAAAAAAAAAAAAAAAAAAAAAAAAAAAAAAAAAAAAAA
1e3218fe0c692b6b5ab650338a76c067069d259b714be156207389fd5664a477,def49d9a022852530896c0da3a9aa0ee84b3bd20ab67ce8ea0314c1ca36ed3f8,d248b8f386a3567922c34e77f4e705ed6c091f1ce77cdc18c9204361ec62cb66,52,1530522412,AAAAAN70nZoCKFJTCJbA2jqaoO6Es70gq2fOjqAxTByjbtP4buqbQFQ46r/DweDClhecmgfXxP67wFGI8DfjvFknMuUAAAAAWznrLAAAAAAAAAAA3z9hmASpL9tAVxktxD3XSOp3itxSvEmM6AUkwBS4ERnSSLjzhqNWeSLDTnf05wXtbAkfHOd83BjJIENh7GLLZgAAADQN4Lazp2QAAAAAAAAAAAJYAAAAAAAAAAAAAAAAAAAAZAX14QAAAABk0ki484ajVnkiw0539OcF7WwJHxznfNwYySBDYexiy2YAAAAAAAAAAAAAAAAAAAAAAAAAAAAAAAAAAAAAAAAAAAAAAAAAAAAAAAAAAAAAAAAAAAAAAAAAAAAAAAAAAAAAAAAAAAAAAAAAAAAAAAAAAAAAAAAAAAAAAAAAAAAAAAAAAAAA
8c91592b7a46eda08654824650105b2d27d3fd508cfe5a141a9913a5ecc74691,1e3218fe0c692b6b5ab650338a76c067069d259b714be156207389fd5664a477,d248b8f386a3567922c34e77f4e705ed6c091f1ce77cdc18c9204361ec62cb66,53,1530522433,AAAAAB4yGP4MaStrWrZQM4p2wGcGnSWbcUvhViBzif1WZKR3554CGOusm4a/IrvoA/AEarkzebG44fy/mcsHHU9JPkIAAAAAWznrQQAAAAAAAAAA3z9hmASpL9tAVxktxD3XSOp3itxSvEmM6AUkwBS4ERnSSLjzhqNWeSLDTnf05wXtbAkfHOd83BjJIENh7GLLZgAAADUN4Lazp2QAAAAAAAAAAAJYAAAAAAAAAAAAAAAAAAAAZAX14QAAAABk0ki484ajVnkiw0539OcF7WwJHxznfNwYySBDYexiy2YAAAAAAAAAAAAAAAAAAAAAAAAAAAAAAAAAAAAAAAAAAAAAAAAAAAAAAAAAAAAAAAAAAAAAAAAAAAAAAAAAAAAAAAAAAAAAAAAAAAAAAAAAAAAAAAAAAAAAAAAAAAAAAAAAAAAA
275d1620447f9748e142645f6009ca5c7968a284a929ef2629ed00d1618458a9,8c91592b7a46eda08654824650105b2d27d3fd508cfe5a141a9913a5ecc74691,d248b8f386a3567922c34e77f4e705ed6c091f1ce77cdc18c9204361ec62cb66,54,1530522450,AAAAAIyRWSt6Ru2ghlSCRlAQWy0n0/1QjP5aFBqZE6Xsx0aR1Rb7SqxHVG0WtvKvKBOa0uUGzgmvu5avyKmZlYWcvbMAAAAAWznrUgAAAAAAAAAA3z9hmASpL9tAVxktxD3XSOp3itxSvEmM6AUkwBS4ERnSSLjzhqNWeSLDTnf05wXtbAkfHOd83BjJIENh7GLLZgAAADYN4Lazp2QAAAAAAAAAAAJYAAAAAAAAAAAAAAAAAAAAZAX14QAAAABk0ki484ajVnkiw0539OcF7WwJHxznfNwYySBDYexiy2YAAAAAAAAAAAAAAAAAAAAAAAAAAAAAAAAAAAAAAAAAAAAAAAAAAAAAAAAAAAAAAAAAAAAAAAAAAAAAAAAAAAAAAAAAAAAAAAAAAAAAAAAAAAAAAAAAAAAAAAAAAAAAAAAAAAAA
10eb1a4f9080a970e46b16ca2ea81a9ea5880358099d7abce04141626cf2adc8,275d1620447f9748e142645f6009ca5c7968a284a929ef2629ed00d1618458a9,d248b8f386a3567922c34e77f4e705ed6c091f1ce77cdc18c9204361ec62cb66,55,1530522469,AAAAACddFiBEf5dI4UJkX2AJylx5aKKEqSnvJintANFhhFipYNHK5C45V/yvEP7XiC7mUQKAaBHaJx3psa+d/HjA24gAAAAAWznrZQAAAAAAAAAA3z9hmASpL9tAVxktxD3XSOp3itxSvEmM6AUkwBS4ERnSSLjzhqNWeSLDTnf05wXtbAkfHOd83BjJIENh7GLLZgAAADcN4Lazp2QAAAAAAAAAAAJYAAAAAAAAAAAAAAAAAAAAZAX14QAAAABk0ki484ajVnkiw0539OcF7WwJHxznfNwYySBDYexiy2YAAAAAAAAAAAAAAAAAAAAAAAAAAAAAAAAAAAAAAAAAAAAAAAAAAAAAAAAAAAAAAAAAAAAAAAAAAAAAAAAAAAAAAAAAAAAAAAAAAAAAAAAAAAAAAAAAAAAAAAAAAAAAAAAAAAAA
18eef42b8a5205edf24fcdb9f5a019c24bc9108b8662d4571296b4991f8ba914,10eb1a4f9080a970e46b16ca2ea81a9ea5880358099d7abce04141626cf2adc8,58958c160e8931d3449a9be6c3793006cb0960d5dafb5fac6910e73c4ee574a9,56,1530522488,AAAAABDrGk+QgKlw5GsWyi6oGp6liANYCZ16vOBBQWJs8q3IlBYh5bb5XK7AlaOsoY59fTyWfwQxCL7BnS2dTqE9FikAAAAAWznreAAAAAAAAAAA3z9hmASpL9tAVxktxD3XSOp3itxSvEmM6AUkwBS4ERlYlYwWDokx00Sam+bDeTAGywlg1dr7X6xpEOc8TuV0qQAAADgN4Lazp2QAAAAAAAAAAAJYAAAAAAAAAAAAAAAAAAAAZAX14QAAAABk0ki484ajVnkiw0539OcF7WwJHxznfNwYySBDYexiy2YAAAAAAAAAAAAAAAAAAAAAAAAAAAAAAAAAAAAAAAAAAAAAAAAAAAAAAAAAAAAAAAAAAAAAAAAAAAAAAAAAAAAAAAAAAAAAAAAAAAAAAAAAAAAAAAAAAAAAAAAAAAAAAAAAAAAA
d2e4375041fc114cc2cbba965217ce254f0d6201fed48ca04987e8eab8fa0c76,18eef42b8a5205edf24fcdb9f5a019c24bc9108b8662d4571296b4991f8ba914,82dd69d5b8ba0490ea400667b3c46e6d5a8f0ac5968b0a12792d2fcb9bb60a4a,57,1530522515,AAAAABju9CuKUgXt8k/NufWgGcJLyRCLhmLUVxKWtJkfi6kU1jjkVn0/NCKXui+3CUHbMisTrfMsoZlke8oJEkXGs34AAAAAWznrkwAAAAAAAAAAVT7lT9QR6RuhknCl8RIDPQgHzZvSRyj4Ad4zc2qzFVaC3WnVuLoEkOpABmezxG5tWo8KxZaLChJ5LS/Lm7YKSgAAADkN4Lazp2QAAAAAAAAAAAK8AAAAAAAAAAAAAAAAAAAAZAX14QAAAABk0ki484ajVnkiw0539OcF7WwJHxznfNwYySBDYexiy2YAAAAAAAAAAAAAAAAAAAAAAAAAAAAAAAAAAAAAAAAAAAAAAAAAAAAAAAAAAAAAAAAAAAAAAAAAAAAAAAAAAAAAAAAAAAAAAAAAAAAAAAAAAAAAAAAAAAAAAAAAAAAAAAAAAAAA
f36b7517df882b88fe5222b389d2a9ae2377d4fccace6d6ad969336a2cfc980a,d2e4375041fc114cc2cbba965217ce254f0d6201fed48ca04987e8eab8fa0c76,ef478d1f644db9908f22ddf942aa08769eebd88855f78cbdb60427086f45e710,58,1530522547,AAAAANLkN1BB/BFMwsu6llIXziVPDWIB/tSMoEmH6Oq4+gx2KwFCi1GQ6u087HdA2lsbZYgnRc52wH98hudB6DnWt2UAAAAAWznrswAAAAAAAAAA3z9hmASpL9tAVxktxD3XSOp3itxSvEmM6AUkwBS4ERnvR40fZE25kI8i3flCqgh2nuvYiFX3jL22BCcIb0XnEAAAADoN4Lazp2QAAAAAAAAAAAK8AAAAAAAAAAAAAAAAAAAAZAX14QAAAABk0ki484ajVnkiw0539OcF7WwJHxznfNwYySBDYexiy2YAAAAAAAAAAAAAAAAAAAAAAAAAAAAAAAAAAAAAAAAAAAAAAAAAAAAAAAAAAAAAAAAAAAAAAAAAAAAAAAAAAAAAAAAAAAAAAAAAAAAAAAAAAAAAAAAAAAAAAAAAAAAAAAAAAAAA
